Date,Portfolio_Returns,SPY_Returns
2020-01-03,0.005474137505792752,-0.0075722201509195175
2020-01-06,0.011406063436917037,0.003815049727655895
2020-01-07,0.01181556672606594,-0.002811567651423652
2020-01-08,0.029302186972258816,0.005329312726588764
2020-01-09,0.002216743542917587,0.006780781056964669
2020-01-10,-0.00267194704661291,-0.0028777230732401904
2020-01-13,0.05002616278583924,0.006877348297682051
2020-01-14,0.0031430887429598105,-0.0015246532490275078
2020-01-15,-0.014859629941329989,0.00225996089894398
2020-01-16,0.0048103074875492265,0.00831867703221989
2020-01-17,0.003218396428018533,0.0031122096235458585
2020-01-21,0.02532732824518982,-0.0019581453700716622
2020-01-22,0.016811857200367354,0.00012072685002340044
2020-01-23,0.005011493735316153,0.0011469173944078648
2020-01-24,-0.008327125302257455,-0.008893059506224876
2020-01-27,-0.019922451547726473,-0.016029707130432502
2020-01-28,0.02160029937297612,0.01047935522239829
2020-01-29,0.021433302649208445,-0.0008259254399298754
2020-01-30,0.04624675919105106,0.0032454591865918037
2020-01-31,-0.014595033208249219,-0.018158158152054127
2020-02-03,0.0833566782603686,0.007428643472935814
2020-02-04,0.0746914059685874,0.015241233478003657
2020-02-05,-0.06568585144053692,0.011547934051998832
2020-02-06,0.016589219602371943,0.0033648099964402878
2020-02-07,-0.005629213807995282,-0.00532958456901389
2020-02-10,0.019541859825375422,0.007465588568977832
2020-02-11,-0.005320761902073557,0.0017326112726603338
2020-02-12,0.006129592428918286,0.006443042567966906
2020-02-13,0.015206162235020606,-0.0010670317202838842
2020-02-14,-9.107200951254949e-05,0.001602010229389661
2020-02-18,0.023888235810762205,-0.002577030768113775
2020-02-19,0.03389530847282654,0.0047814664324163925
2020-02-20,-0.01501032006428198,-0.004108285176293691
2020-02-21,-0.014669374578162864,-0.010298355402179049
2020-02-24,-0.05746127013733165,-0.0331655071694954
2020-02-25,-0.03310269189663513,-0.030301922277613524
2020-02-26,-0.0017117665331072285,-0.0036784999168092414
2020-02-27,-0.09149746475328628,-0.044911376793279834
2020-02-28,-0.0018773238497488353,-0.004201511353058129
2020-03-02,0.09583611045493959,0.04330637939783166
2020-03-03,-0.021270829297875805,-0.0286324953928212
2020-03-04,0.028037544890520617,0.04203296017658631
2020-03-05,-0.03131474054868544,-0.033241611731281595
2020-03-06,-0.022592181744707143,-0.016531114107485867
2020-03-09,-0.09948150825617329,-0.07809432185517406
2020-03-10,0.06704470986319673,0.05174496620251512
2020-03-11,-0.029832697618951715,-0.0487487217833974
2020-03-12,-0.10493847799427461,-0.09567708350086856
2020-03-13,0.06641673769886935,0.08548646511002045
2020-03-16,-0.1552480380612917,-0.10942385167268864
2020-03-17,0.020691251437370536,0.05399203548590159
2020-03-18,-0.0823489066929681,-0.05063282134485303
2020-03-19,0.07377656638150949,0.002124934226739539
2020-03-20,-0.033008862311726374,-0.043094262242589054
2020-03-23,-0.004167824913702312,-0.025568152425217927
2020-03-24,0.1234362887608689,0.09060303094405842
2020-03-25,0.023010570468002124,0.014970534823020243
2020-03-26,0.025333302125813795,0.0583896272060862
2020-03-27,-0.0352244203857955,-0.02978581115771517
2020-03-30,0.015972432243349346,0.03247591415426232
2020-03-31,0.013460019514692757,-0.014905348286217146
2020-04-01,-0.06054543017166113,-0.045004844527469445
2020-04-02,-0.011685456595351206,0.023075287297804836
2020-04-03,0.014888375470350091,-0.014454137477461049
2020-04-06,0.07995954379889487,0.06716619601369889
2020-04-07,0.01584576716282384,0.0010193976178847208
2020-04-08,0.014730326329908606,0.033568713198807165
2020-04-09,0.020506497297239613,0.015217001266794705
2020-04-13,0.06271449048301854,-0.00912987580365121
2020-04-14,0.06631583433465385,0.02949269801791421
2020-04-15,0.0054891147740747,-0.021248231365404546
2020-04-16,0.017611781094984735,0.004824510012750638
2020-04-17,0.0009939453869150404,0.027015651853728784
2020-04-20,-0.01626215583819337,-0.01761837021239443
2020-04-21,-0.05259872193690132,-0.03036307246893466
2020-04-22,0.044753120912238264,0.022194543107876274
2020-04-23,-0.018438401535279893,-7.153086005007303e-05
2020-04-24,0.026264989194262258,0.013938363985253943
2020-04-27,0.04030838403265055,0.014418702824537277
2020-04-28,-0.02619416424419836,-0.004598704736420212
2020-04-29,0.0384380193760109,0.026178251922700513
2020-04-30,0.0011356659080195902,-0.009310077955290041
2020-05-01,-0.05283145002890304,-0.026473471534256388
2020-05-04,0.04469858419456388,0.0027583358290261817
2020-05-05,0.011839757859633915,0.009239058478154316
2020-05-06,0.013578577442462781,-0.006778516704044835
2020-05-07,0.004001135951090884,0.012066652068375872
2020-05-08,0.03089086811289557,0.016546289491244037
2020-05-11,0.004556464146957363,0.00020480365906805353
2020-05-12,-0.010028544079526358,-0.019931725717993176
2020-05-13,-0.01697211641220555,-0.017685832381771127
2020-05-14,0.009581127180470527,0.011967641866641676
2020-05-15,-0.0015225461911005044,0.0045969519792965485
2020-05-18,0.018572980568223672,0.030459620168959756
2020-05-19,-0.006458849894267438,-0.010271072269103732
2020-05-20,0.014290914013959988,0.016987855174707578
2020-05-21,0.0005206721379301445,-0.006904193059613428
2020-05-22,-0.0025185917975127487,0.0018993901449755324
2020-05-26,-0.0038492771999215415,0.012320445208472863
2020-05-27,0.0026713257770971223,0.014878892235604235
2020-05-28,-0.007307010498734124,-0.0018446066933338612
2020-05-29,0.016139836185327994,0.004455738054968794
2020-06-01,0.034688362723134095,0.004041702537003422
2020-06-02,-0.003239491875437395,0.008280364306556542
2020-06-03,0.0033238737132858633,0.013308201970954281
2020-06-04,-0.014494716785970497,-0.0026268748525173358
2020-06-05,0.025919523420751836,0.025629748755516824
2020-06-08,0.032626649376916506,0.012087085405837694
2020-06-09,0.010265242353628825,-0.007456524945912313
2020-06-10,0.05359012700061276,-0.0055800675602453165
2020-06-11,-0.050317503511323025,-0.05764881271157096
2020-06-12,-0.01041164201422271,0.011975619227865941
2020-06-15,0.03001272026429245,0.00933584579077773
2020-06-16,0.011961749244277266,0.019247521788838595
2020-06-17,0.004069816441580932,-0.004153657504739727
2020-06-18,0.007209383260081292,0.00038498433610922866
2020-06-19,-0.004697110500304524,-0.0057150933726835
2020-06-22,0.013390693442270464,0.006415238420728109
2020-06-23,0.012875101843842485,0.004603298949554802
2020-06-24,-0.027435156856881162,-0.025508470816405393
2020-06-25,0.01829898711272184,0.010721028545796818
2020-06-26,-0.026938694079229067,-0.023751925666588458
2020-06-29,0.03204454755337997,0.014697481373412868
2020-06-30,0.03637180926560015,0.012809909526096064
2020-07-01,0.01516356078578669,0.0070046207877509925
2020-07-02,0.03333110971137816,0.005506990928438205
2020-07-06,0.06892304741540399,0.015437255894557467
2020-07-07,0.0017642147002778332,-0.010313768284401004
2020-07-08,0.006813411636540678,0.0076486166191849225
2020-07-09,0.011437205377059811,-0.005693023760114602
2020-07-10,0.04323230001125333,0.010210638054260146
2020-07-13,-0.02034701920119786,-0.008659022760462487
2020-07-14,0.01313008208207549,0.012959019137050332
2020-07-15,0.010156434693930572,0.009186837302344486
2020-07-16,-0.020621514998381097,-0.003293144219417621
2020-07-17,-0.0017747457527206969,0.0028992679335624327
2020-07-20,0.05491390364721589,0.008081367363177439
2020-07-21,-0.02638604185551572,0.002127788027388444
2020-07-22,0.010111385735683464,0.005691905639784833
2020-07-23,-0.04681600942845661,-0.011931429000176741
2020-07-24,-0.027612748728158998,-0.006440556213709869
2020-07-27,0.04662197640541712,0.007292106147424704
2020-07-28,-0.024762896150356675,-0.006341961294312415
2020-07-29,0.015815000211365372,0.012298710354543108
2020-07-30,0.0015827217783399355,-0.0035679350404861365
2020-07-31,0.027709011172387,0.007902065306279349
2020-08-03,0.03649126465638965,0.006952230445854912
2020-08-04,0.00020825048618045017,0.0038623629299781026
2020-08-05,0.0005891084138304637,0.006211232230455943
2020-08-06,0.018386712639457282,0.006684544259349279
2020-08-07,-0.022572621460879152,0.0007176710347418513
2020-08-10,-0.007568076375766886,0.002989218811900729
2020-08-11,-0.02903056522795431,-0.008254790769761766
2020-08-12,0.07150177051664706,0.013942295025590967
2020-08-13,0.023652308180885286,-0.0018077778994511906
2020-08-14,0.0071665273822328675,2.9750338874867666e-05
2020-08-17,0.04508908543671169,0.0031765370755014732
2020-08-18,0.01569528808888494,0.002160443697210024
2020-08-19,-0.002525960995820209,-0.004163518532831034
2020-08-20,0.03978474259699678,0.0031132370833162337
2020-08-21,0.02878007398352924,0.003547235094776946
2020-08-24,-0.001568362198848306,0.01013354809053757
2020-08-25,0.0011355888761487073,0.0034991408831481774
2020-08-26,0.03543004354398219,0.010025645797937077
2020-08-27,0.016027300596868833,0.0021866070319294106
2020-08-28,-0.0031205979427904934,0.006459393488142506
2020-08-31,0.060887288629932916,-0.0036225833773368965
2020-09-01,-0.0012026393150843528,0.009418441638444852
2020-09-02,-0.027739985642341973,0.014464255281237293
2020-09-03,-0.08050915288551752,-0.0344142157621653
2020-09-04,0.008582933327974664,-0.008164776335462198
2020-09-08,-0.12198845267869153,-0.02732295489432912
2020-09-09,0.06816478234859513,0.01974723780940746
2020-09-10,-0.013136175337073452,-0.017363704456145435
2020-09-11,-0.005069996746244244,0.0005093205462514128
2020-09-14,0.0636855253909732,0.01317145467785763
2020-09-15,0.03263609383125879,0.005052190220634856
2020-09-16,-0.022493512617263803,-0.003968720405507997
2020-09-17,-0.025069973861316888,-0.008795530737562007
2020-09-18,0.0025122657454203397,-0.01151238043189784
2020-09-21,0.02082588165105781,-0.011129630651996014
2020-09-22,-0.011289618333945485,0.010184500244352801
2020-09-23,-0.06472853186267427,-0.023191162484453853
2020-09-24,0.014513491934782598,0.002665290332664716
2020-09-25,0.039729382803101614,0.016167129998749585
2020-09-28,0.024716825531641853,0.01660943356860778
2020-09-29,-0.00713166929177147,-0.005445793274024835
2020-09-30,0.01848043909683006,0.007582012190725074
2020-10-01,0.023265339101672923,0.00641968433921325
2020-10-02,-0.04833059092207885,-0.009494653637871941
2020-10-05,0.026585618274893544,0.01773302519629083
2020-10-06,-0.026711436302353998,-0.014215371556656087
2020-10-07,0.021532107796800173,0.01740642076074206
2020-10-08,0.0009156443595033537,0.00886224057898577
2020-10-09,0.019513896087682437,0.008930509612347759
2020-10-12,0.03823846476230317,0.016087413755730307
2020-10-13,-0.00535806343262979,-0.006526292745070217
2020-10-14,0.011622276727277937,-0.006283259703410482
2020-10-15,-0.013440459171113075,-0.0012359679701420268
2020-10-16,-0.013807356855024546,-0.0006041988370660833
2020-10-19,-0.02321226081934926,-0.015203440314868755
2020-10-20,-0.0025756040320579227,0.004005740973283212
2020-10-21,-0.0013751773473242856,-0.001892764326077545
2020-10-22,-0.0007682954291719831,0.0054850181258112585
2020-10-23,-0.006053793946759135,0.0033952161340837783
2020-10-26,-0.005986473502920408,-0.018479708648297843
2020-10-27,0.012594463047723138,-0.0034476287213717205
2020-10-28,-0.04601367724941485,-0.034178828922971416
2020-10-29,0.021571878768063702,0.010163612011601764
2020-10-30,-0.04679464033314467,-0.010424911376264001
2020-11-02,0.012385421993975344,0.011208482725475699
2020-11-03,0.0335543959985984,0.017655964232284882
2020-11-04,0.0232290358398215,0.02234939046850437
2020-11-05,0.036832216788970355,0.01950236504379821
2020-11-06,-0.007501559170140882,-0.00022825870945242244
2020-11-09,-0.02083676634499816,0.012565627641455412
2020-11-10,-0.01831201600275019,-0.0014664838029794236
2020-11-11,0.023991029098193728,0.007428503493867922
2020-11-12,-0.007111968912706046,-0.00970113965309194
2020-11-13,-0.0020057554151014403,0.013844813899748898
2020-11-16,0.003751833120701953,0.012482574463939855
2020-11-17,0.02727946733373532,-0.005378386880557362
2020-11-18,0.03359382512315105,-0.012034910435557378
2020-11-19,0.013718382133483066,0.004210220178628488
2020-11-20,-0.014033731320679754,-0.006847702892173069
2020-11-23,0.014176112885573145,0.005994407154185755
2020-11-24,0.03390812264284584,0.01611369819568642
2020-11-25,0.016406866611526197,-0.001541615343515379
2020-11-27,0.011397453280141258,0.0027848049468695013
2020-11-30,-0.005038996548612685,-0.004427190328016861
2020-12-01,0.02642326301713878,0.010937329124068862
2020-12-02,-0.010507171695140084,0.0021038984057912824
2020-12-03,0.01576644617709353,-0.0002726506105950044
2020-12-04,0.0016825055890267839,0.008617697164439386
2020-12-07,0.033368292141679516,-0.0020549471327588886
2020-12-08,0.008702711547969555,0.0029262948545618617
2020-12-09,-0.04020305543825225,-0.008969061686290747
2020-12-10,0.018535259476135723,-0.00032701983974059434
2020-12-11,-0.010985976797254438,-0.0011724282406951891
2020-12-14,0.018390432412787264,-0.004477415020179509
2020-12-15,0.01585713936003448,0.013519307315342788
2020-12-16,-0.002028543799448634,0.0015696776999523099
2020-12-17,0.02419214259645104,0.005591782989932126
2020-12-18,0.01674825992133995,-0.003992748507559263
2020-12-21,-0.01736194449455817,-0.0035756364713502853
2020-12-22,0.006739184603265303,-0.001685188004397764
2020-12-23,-0.0018751477397226158,0.0008985867333382025
2020-12-24,0.014427637739320742,0.003890409647924198
2020-12-28,0.01745107205862491,0.00859065670951531
2020-12-29,-0.004659664050474377,-0.0019078543003320236
2020-12-30,0.011676929356367438,0.0014270910910967327
2020-12-31,0.0038561851581398804,0.005080639441669366
2021-01-04,-0.00048015632178566303,-0.013614282033024838
2021-01-05,0.00806530279444786,0.006887398385298837
2021-01-06,-0.007294206083237543,0.00597862566708951
2021-01-07,0.05111913026568416,0.014857604052719964
2021-01-08,0.03603234437206755,0.005697755832220652
2021-01-11,-0.04252481129002872,-0.006740673158384003
2021-01-12,0.015948721662134634,0.00021090471475204708
2021-01-13,0.010143211506432426,0.0026931073730913635
2021-01-14,-0.01352560649506347,-0.0035021724487446226
2021-01-15,-0.01475792600814585,-0.0072925151968791235
2021-01-19,0.014639278344990724,0.007852092187161208
2021-01-20,0.023236770719366986,0.013838556647892242
2021-01-21,0.01265694761381142,0.0009117319790714618
2021-01-22,0.008081659918573481,-0.003539464002630055
2021-01-25,0.03038152658788569,0.003943784926933924
2021-01-26,0.004151460204789403,-0.0015608388658403527
2021-01-27,-0.011157201290894526,-0.02444037307439506
2021-01-28,-0.02211444026724987,0.008600209281596882
2021-01-29,-0.04086411622265793,-0.020019555006724143
2021-02-01,0.0365672166548499,0.01664531756857035
2021-02-02,0.018126055118711216,0.014140114758361966
2021-02-03,-0.008492113432793902,0.0007866568736554225
2021-02-04,0.007288613022173209,0.011365324356689355
2021-02-05,-2.8121665434044114e-05,0.003935887712663844
2021-02-08,0.005913782645520628,0.007222076860827986
2021-02-09,-0.008024475964145817,-0.0006658027054042837
2021-02-10,-0.023623252439903514,-0.0004356193548025189
2021-02-11,0.004006919442155744,0.0016150083302415297
2021-02-12,0.0033174939846781553,0.004939797576741345
2021-02-16,-0.017248290432281956,-0.0008660187193597624
2021-02-17,-0.005216019770532077,0.000229505125614482
2021-02-18,-0.009187922440539942,-0.004255951642018196
2021-02-19,-0.0049089377060746574,-0.0017661523282118674
2021-02-22,-0.05148045156075947,-0.007691594575692018
2021-02-23,-0.010269038819008291,0.0012144241182585613
2021-02-24,0.024191801518847145,0.011019319306398101
2021-02-25,-0.050890262056873845,-0.02409575616381865
2021-02-26,-8.659926110410354e-05,-0.005152731105676378
2021-03-01,0.05088622998065144,0.024240386938546354
2021-03-02,-0.028759950703050867,-0.007803359601038395
2021-03-03,-0.03454825592606208,-0.013245689004439898
2021-03-04,-0.0265031378456734,-0.012375059291498514
2021-03-05,-0.006528460512059776,0.018396701078883915
2021-03-08,-0.04368482104764975,-0.00497889476972746
2021-03-09,0.10044490254242638,0.014277789677672459
2021-03-10,-0.008108130323057995,0.006224701962776358
2021-03-11,0.02953862722928675,0.010138938050275437
2021-03-12,-0.0075702522498854565,0.0013468075004849922
2021-03-15,0.017178575968167988,0.005963545894754674
2021-03-16,-0.009982253635627415,-0.0012613141171101683
2021-03-17,0.011588414191586162,0.003410113247931168
2021-03-18,-0.04662280119583935,-0.014549948434146032
2021-03-19,-0.0010656388754276993,-0.0018500751044978614
2021-03-22,0.02547270398371904,0.0079847764002412
2021-03-23,-0.006088529051117009,-0.00787081070254958
2021-03-24,-0.029046339632424045,-0.0050833649429696814
2021-03-25,0.005438016867595908,0.005625552035830816
2021-03-26,-0.007921493059785378,0.016114980502531795
2021-03-29,-0.005251830263295277,-0.0005051033709108088
2021-03-30,0.008128583849168883,-0.0026529269716437653
2021-03-31,0.031220577854148425,0.0040532927927006135
2021-04-01,0.004664186188005149,0.010799075337498909
2021-04-05,0.03268724318626331,0.014353117368770318
2021-04-06,0.00034321661968086383,-0.0005904328547216009
2021-04-07,-0.004940706658892767,0.0011569307243297633
2021-04-08,0.018023156160843535,0.004746918630297081
2021-04-09,0.00618782590808742,0.0072702774663833125
2021-04-12,0.009500696526367891,0.0003645090602240053
2021-04-13,0.04612174025916107,0.0029637728638571836
2021-04-14,-0.025173749243294585,-0.0034149995576159276
2021-04-15,0.014159007424441273,0.010742220524587509
2021-04-16,0.0004481911851160535,0.003342407414053117
2021-04-19,-0.013105292067845099,-0.004913153166942741
2021-04-20,-0.003062754748804131,-0.007321319512275104
2021-04-21,0.016949346838019297,0.00946199457609187
2021-04-22,-0.020423701418099904,-0.009133103851855395
2021-04-23,0.015707458838979838,0.010842499296547237
2021-04-26,0.006323291087924156,0.0020874094088869644
2021-04-27,-0.018789080168085004,-0.00021543796798850767
2021-04-28,-0.013936890499556622,-0.00028736455252886817
2021-04-29,-0.011933129742848126,0.006372786170934619
2021-04-30,0.01285220033605077,-0.006570427514141275
2021-05-03,-0.010803914021150286,0.002156838660643867
2021-05-04,-0.023985690964961948,-0.006169225418003466
2021-05-05,-0.0018627472095680943,0.00031266932498308364
2021-05-06,0.003354609188131575,0.007985389080701788
2021-05-07,0.00964034183308109,0.007277910137661214
2021-05-10,-0.04028217315319571,-0.009902225987980073
2021-05-11,-0.011261701833499106,-0.008924609713031106
2021-05-12,-0.03354726333930607,-0.02124523174717652
2021-05-13,-0.0018009972270636616,0.01201235234733189
2021-05-14,0.02478057914233145,0.015355406046155817
2021-05-17,-0.014853508969160469,-0.0025445577245004625
2021-05-18,-0.005490126343405489,-0.00861569164130327
2021-05-19,-0.009992362131526634,-0.002621867394498212
2021-05-20,0.0277237294966568,0.010757967889873266
2021-05-21,-0.010991772057756612,-0.0008185651710720387
2021-05-24,0.02750301629991938,0.010194192331460128
2021-05-25,-0.0010340598993547447,-0.00221850286427705
2021-05-26,0.009211675607193671,0.001984247561295227
2021-05-27,0.000887467409136789,0.0005250937750767015
2021-05-28,-0.005412193605549964,0.0017887184371749854
2021-06-01,-0.003730080820383375,-0.000880815377171551
2021-06-02,-0.009610782011509222,0.0015724853880063616
2021-06-03,-0.02748544684871921,-0.0037113851861045877
2021-06-04,0.03004566480044124,0.009146118700497974
2021-06-07,0.006499851369347631,-0.0009702447232774469
2021-06-08,0.0006737398113574548,0.00021317798045883407
2021-06-09,-0.0011490583265413082,-0.0014921593151114854
2021-06-10,0.007244789531673802,0.004648472321882924
2021-06-11,0.004287523263342541,0.0016524761565197554
2021-06-14,0.016498013023200156,0.002239012232740256
2021-06-15,-0.01562265210709506,-0.0018341795063829824
2021-06-16,0.004492234945155826,-0.005583274511316683
2021-06-17,0.015532622409375918,-0.00033179314820130923
2021-06-18,-0.0008105778198463035,-0.013490423918781413
2021-06-21,0.006517020123418594,0.014316007039137268
2021-06-22,0.009128009274954607,0.0053463001975806446
2021-06-23,0.02005717619287226,-0.0012053407140941719
2021-06-24,0.014367547398770554,0.005915771804859249
2021-06-25,-0.006829646252539323,0.003552105958516183
2021-06-28,0.01784251110057511,0.002015944991249574
2021-06-29,0.0019715569279146195,0.0005380183146570516
2021-06-30,0.0008572264069763857,0.0008417156205606791
2021-07-01,0.0003747495781786014,0.005536583646618354
2021-07-02,0.012871834791288662,0.00764352348058428
2021-07-06,-0.005488636727459185,-0.0018215937451301345
2021-07-07,-0.00023694810649699163,0.003534001542158771
2021-07-08,-0.0004100247994817561,-0.00814796308025012
2021-07-09,0.008133566721139341,0.010674746773709387
2021-07-12,0.015377598550738301,0.0035819683158642146
2021-07-13,-0.0042149087475451975,-0.0034090455631022865
2021-07-14,0.0016585780543540984,0.0014924023188569446
2021-07-15,-0.004546470969232219,-0.0034155349922769807
2021-07-16,-0.00975219118212911,-0.007843394778625612
2021-07-19,-0.012188261807974166,-0.014768136781257435
2021-07-20,0.020896644979525772,0.014330545587918353
2021-07-21,-0.003718556058384959,0.00809626791977025
2021-07-22,0.003539481202850059,0.0020942136799040334
2021-07-23,0.003640380953976319,0.01028785512928998
2021-07-26,0.009582917461699104,0.0024548923134894984
2021-07-27,-0.015506824209036197,-0.0045577370434576325
2021-07-28,-0.0037370048609207457,-0.00041008948873244577
2021-07-29,0.02079318814023581,0.0041476516316052425
2021-07-30,0.005311051600846773,-0.004856690374582362
2021-08-02,0.012083528395770426,-0.002098040858245831
2021-08-03,0.006712183504351278,0.008135552108126332
2021-08-04,-0.0008727391082485659,-0.004918921107753049
2021-08-05,0.004488047897841251,0.006332737948979039
2021-08-06,-0.010640970733267729,0.0016525711277584065
2021-08-09,0.007470386362175207,-0.0008135083938607401
2021-08-10,-0.004765432959399263,0.0012439923412268517
2021-08-11,-0.00015219358862577086,0.0024847467540767276
2021-08-12,0.01845728227630845,0.0029970525689606564
2021-08-13,-0.00015115246954979834,0.0018198569303493617
2021-08-16,-0.01067598080985177,0.0023545968866325317
2021-08-17,-0.015420480544083182,-0.0065551048744840745
2021-08-18,0.002563750718963309,-0.010945159219604816
2021-08-19,-0.003926136349168096,0.0015483889861969136
2021-08-20,0.013210714001264678,0.00795703496480371
2021-08-23,0.019605264467455853,0.008796605368025956
2021-08-24,-0.00033295693919430666,0.001587298014003924
2021-08-25,-0.002241600596626636,0.002098470109942241
2021-08-26,-0.009791380340954349,-0.005903176616619543
2021-08-27,0.009433616997378413,0.008940971552532595
2021-08-30,0.02541873870389746,0.004397650690933119
2021-08-31,-0.0018640057983778438,-0.0014819451762160263
2021-09-01,0.0008720584798019181,0.0005316134882951129
2021-09-02,0.0016131684310987326,0.003076773990357884
2021-09-03,0.002330048009096708,-0.0002428125896750677
2021-09-07,0.016109308877195194,-0.003575617071548187
2021-09-08,-0.0035088387694952594,-0.0012182118681447474
2021-09-09,-0.004128643652864783,-0.00428028686702564
2021-09-10,-0.024127676066668394,-0.007884168473670794
2021-09-13,0.006079369019354797,0.002558963342403464
2021-09-14,-0.001137221912560227,-0.005396725861701146
2021-09-15,0.011905987944095121,0.008352863493140683
2021-09-16,0.00023224911231021215,-0.001585318389671575
2021-09-17,-0.009523946002184203,-0.009740918627655581
2021-09-20,-0.027701249950192543,-0.016674212925674503
2021-09-21,0.0067563429312844205,-0.0009447757466681805
2021-09-22,0.01610830059776136,0.009754966704470514
2021-09-23,0.0042484621016343205,0.012150089338892167
2021-09-24,0.011118195112490459,0.0016472020248574637
2021-09-27,0.0010848782964653749,-0.002860869733280369
2021-09-28,-0.023736662462193858,-0.020152078823351904
2021-09-29,0.004860828670199347,0.0016832046053922856
2021-09-30,-0.008174030084263206,-0.012222503001150797
2021-10-01,0.008210293851452777,0.011884265603822941
2021-10-04,-0.010730383991004145,-0.0128959254595572
2021-10-05,0.009173708825007187,0.010404949891099191
2021-10-06,0.006642552225124199,0.004156063833707702
2021-10-07,0.010370735930319475,0.008645627107974674
2021-10-08,-0.005181330416508612,-0.0018236697558368098
2021-10-11,0.002612089683931718,-0.007239833056610134
2021-10-12,0.0024011902130065548,-0.002461413610214014
2021-10-13,0.0033073014388051553,0.003597522746866977
2021-10-14,0.01600763574482844,0.016820584744366762
2021-10-15,0.01604792264155881,0.0076159336992627225
2021-10-18,0.019596363589784983,0.002960552661669169
2021-10-19,0.003959022649265442,0.0077147371678965015
2021-10-20,0.0015204460523978503,0.003927772551141073
2021-10-21,0.015797509519454866,0.0026081749244799557
2021-10-22,0.0038719805582843048,-0.0010363162501154655
2021-10-25,0.04984558051837238,0.005363010865564677
2021-10-26,0.0006054315320995762,0.0008999525398163399
2021-10-27,0.014795176646913075,-0.00443003662821595
2021-10-28,0.025827100707689878,0.009648802173023885
2021-10-29,0.010947118851673033,0.002029202402520358
2021-11-01,0.030364101314745186,0.0017200531236212235
2021-11-02,-0.006980251091987322,0.00404309083280352
2021-11-03,0.018728273815002795,0.006105260885424402
2021-11-04,0.005350723652896816,0.004712560886427353
2021-11-05,-0.0013363840710126419,0.003469512412021869
2021-11-08,-0.021027719761029573,0.0008537376398931595
2021-11-09,-0.0475946923430112,-0.0033052992078024257
2021-11-10,0.006640504552452731,-0.008044809762166372
2021-11-11,-0.0008127294362404669,0.0003234635967979127
2021-11-12,-0.0030014702856548045,0.007546858433261416
2021-11-15,-0.008112300434682983,0.0003424158763456475
2021-11-16,0.021031354527957062,0.0039579062680690225
2021-11-17,0.019732187514711265,-0.002429349449979634
2021-11-18,0.01538952099942299,0.003396494539895656
2021-11-19,0.02271020940183357,-0.0017883031218591805
2021-11-22,0.006227992363053804,-0.002815205368030149
2021-11-23,-0.016837696805019897,0.0013261313800685404
2021-11-24,0.0039636320212823595,0.0026697028454147897
2021-11-26,-0.02975758694136588,-0.022303117008707796
2021-11-29,0.03332584891813717,0.012266533261636514
2021-11-30,0.011775959796398339,-0.01945747091065586
2021-12-01,-0.01897807680814008,-0.011107200797779715
2021-12-02,-0.006608523214233464,0.015316251905709954
2021-12-03,-0.0343025918344591,-0.00870116147612765
2021-12-06,0.008221309591273495,0.011843165508207631
2021-12-07,0.03647448806401035,0.02068483273160382
2021-12-08,0.015688386183211334,0.0026479647072625845
2021-12-09,-0.026687091560718006,-0.006751578152863202
2021-12-10,0.02214519437414242,0.009413630321890798
2021-12-13,-0.03001203374490649,-0.008858506334593397
2021-12-14,-0.012996500674079672,-0.006880033829429366
2021-12-15,0.02254197915572949,0.015625100440386452
2021-12-16,-0.04164346272911537,-0.008818419441704473
2021-12-17,-0.0008397136113968528,-0.010642990343099012
2021-12-20,-0.019647210879940438,-0.010633587761089247
2021-12-21,0.029400815836075102,0.017759111908258518
2021-12-22,0.03971788897650948,0.009998846927339988
2021-12-23,0.02539940948685118,0.006221860386957712
2021-12-27,0.023926331722151997,0.014152243045582047
2021-12-28,-0.005007806238686841,-0.0008171378853258915
2021-12-29,-0.000226787008923246,0.0012792090174629234
2021-12-30,-0.010006492802600353,-0.0027645425308804317
2021-12-31,-0.008249976858908093,-0.0025202246059726763
2022-01-03,0.06319475972973695,0.005790118413460998
2022-01-04,-0.025239087576820744,-0.000334975636938295
2022-01-05,-0.03970598336302964,-0.01920229221730696
2022-01-06,-0.01686714478988587,-0.0009392573405998528
2022-01-07,-0.01368127797015024,-0.003953608802184871
2022-01-10,0.01232967403751002,-0.0012443523245480037
2022-01-11,0.009539416526463907,0.009108181249625646
2022-01-12,0.018832943226257146,0.0027035125677552507
2022-01-13,-0.043072196174256505,-0.013778520229311808
2022-01-14,0.012586771218951354,0.00040920875265015866
2022-01-18,-0.019704350287199857,-0.017709852905474555
2022-01-19,-0.021491787952551224,-0.010383544470822681
2022-01-20,-0.005030402787556243,-0.011067966892225778
2022-01-21,-0.02982611668923585,-0.019630598148549505
2022-01-24,-0.007606428845051205,0.004246669387238056
2022-01-25,-0.01486071052221363,-0.012208918047380002
2022-01-26,0.013752882373335051,-0.0025088395269426966
2022-01-27,-0.04528417748783258,-0.00493791482735273
2022-01-28,0.041849602894479254,0.02483536097667427
2022-01-31,0.054925572909817214,0.018010994235702293
2022-02-01,-0.004152683932950074,0.006757015004059674
2022-02-02,-0.0051294995611603795,0.009714031494371556
2022-02-03,-0.020891341600801083,-0.02350491878191885
2022-02-04,0.016886382859400317,0.004702167861851958
2022-02-07,-0.011878842487220641,-0.0032093374571420252
2022-02-08,0.016248666782915457,0.00822774218399469
2022-02-09,0.012022815398477604,0.014636249405553192
2022-02-10,-0.026895231664293487,-0.01796569955784355
2022-02-11,-0.0326425205870932,-0.01971857542766886
2022-02-14,0.007872206000126326,-0.00326952329212149
2022-02-15,0.0342858602511833,0.016127059956442702
2022-02-16,-0.0003726977934494613,0.0011208289476747346
2022-02-17,-0.0347412682600093,-0.02136141308195383
2022-02-18,-0.01450959364420974,-0.006475204256450318
2022-02-22,-0.02381726478428714,-0.010731430204282577
2022-02-23,-0.04351598945027944,-0.017738842297410296
2022-02-24,0.036120212146748994,0.015049109568417762
2022-02-25,0.011578284436226572,0.022064041552518843
2022-02-28,0.031561782072033265,-0.0025584353819658734
2022-03-01,-0.010006360866543364,-0.015230163735288182
2022-03-02,0.01897043050082394,0.018396091003235915
2022-03-03,-0.02209406328745427,-0.004978563729343799
2022-03-04,-0.011935644129071887,-0.008124712101997278
2022-03-07,-0.03312756133929471,-0.029479173253149193
2022-03-08,0.0029888115046256434,-0.00758164832815833
2022-03-09,0.039944162597013166,0.0268109601607871
2022-03-10,-0.022517278192100476,-0.004515716503523226
2022-03-11,-0.03392302329158203,-0.012714843781100438
2022-03-14,-0.027791945359206285,-0.007308352925599171
2022-03-15,0.038158927282816536,0.021990306442735585
2022-03-16,0.03577356780647807,0.022174239981673782
2022-03-17,0.018079503596378776,0.012510935070344287
2022-03-18,0.027404216813233885,0.010952680919142255
2022-03-21,0.009536803664475268,-0.0002924515237361369
2022-03-22,0.043217109826084954,0.011701483065996943
2022-03-23,0.0023518731727432355,-0.012878349767346586
2022-03-24,0.018078991524444855,0.015074381233780576
2022-03-25,-7.658093164173417e-05,0.004883657239855399
2022-03-28,0.038776037248389544,0.007112976656682202
2022-03-29,0.013517563358428665,0.01237079932919638
2022-03-30,-0.005672687628061279,-0.00617479623667172
2022-03-31,-0.01663958563476924,-0.015391337936667027
2022-04-01,0.0026275295838334325,0.0028341163863456753
2022-04-04,0.03551002816755933,0.008566658642392255
2022-04-05,-0.02909747096415989,-0.012631216086170571
2022-04-06,-0.031379402462862284,-0.00999963775112478
2022-04-07,0.006369091960255525,0.005038939650995999
2022-04-08,-0.0197033661045005,-0.0026737885515437654
2022-04-11,-0.03742384827241701,-0.017092213835269487
2022-04-12,0.006882533426203464,-0.0037053465060465918
2022-04-13,0.02483471817730165,0.01145369645590999
2022-04-14,-0.03203306723877071,-0.012451794630889523
2022-04-18,0.007794212888712914,0.0004111859625799408
2022-04-19,0.018557233845491707,0.016142678181212178
2022-04-20,-0.019485084561453994,-0.0007415482756165659
2022-04-21,0.0071129990212244415,-0.014953564778024231
2022-04-22,-0.017436354355136376,-0.02743908863286637
2022-04-25,0.004779704643316585,0.005797449804529675
2022-04-26,-0.07114844879547114,-0.02896089635383403
2022-04-27,0.011358162518139281,0.0028116812773455457
2022-04-28,0.02077346428338056,0.025259848074173252
2022-04-29,-0.026081042060112372,-0.036955849048546874
2022-05-02,0.020577623538512137,0.006019292148667255
2022-05-03,0.004753255285223013,0.0045842019355035735
2022-05-04,0.041302817235843794,0.03045280910280601
2022-05-05,-0.06431180539283166,-0.03554268838384189
2022-05-06,-0.00349334097797851,-0.00596902517476916
2022-05-09,-0.05695654231495104,-0.03201731176056277
2022-05-10,0.01673468010652042,0.002310748360335513
2022-05-11,-0.060396706198620254,-0.015886105894961866
2022-05-12,-0.01801899274171668,-0.0010441016242536127
2022-05-13,0.040137506955455794,0.02390786562999936
2022-05-16,-0.027481324879266557,-0.0040574523532166396
2022-05-17,0.03480210352940345,0.02057023855373674
2022-05-18,-0.05887929230619034,-0.04031150107777859
2022-05-19,-0.010816223966427918,-0.006124699713496162
2022-05-20,-0.025425375222022397,0.0004364464947566038
2022-05-23,0.029081513377745692,0.01871039232176064
2022-05-24,-0.03617844582032592,-0.007633997266048187
2022-05-25,0.022200972258950017,0.008834890271806062
2022-05-26,0.041563234110767275,0.01998146837847825
2022-05-27,0.05115691220977184,0.024549255033200712
2022-05-31,-0.003862772745611443,-0.005611113950991897
2022-06-01,-0.009382051694533055,-0.008088625709397168
2022-06-02,0.027019889468900483,0.019043593410434934
2022-06-03,-0.05562116659208771,-0.01641147626692685
2022-06-06,0.00756929765439558,0.003044830916542285
2022-06-07,0.010843528091966493,0.009592180232671721
2022-06-08,0.0014384707012922832,-0.010872283814742145
2022-06-09,-0.022111105827369505,-0.023782773366391008
2022-06-10,-0.03684063995351064,-0.028995777399533518
2022-06-13,-0.052205104803320745,-0.03796809004821067
2022-06-14,0.01406488046872978,-0.0030133194483122905
2022-06-15,0.03592112056127102,0.014256351256013877
2022-06-16,-0.05541757675617063,-0.033096087371200844
2022-06-17,0.013671283991914241,0.0021559749356729885
2022-06-21,0.0554401473795235,0.0251733879526721
2022-06-22,-0.003614748681126656,-0.0018129938741230367
2022-06-23,0.01143425875688795,0.00980267960894321
2022-06-24,0.03473643926063966,0.031793605803809744
2022-06-27,-0.003379970585537029,-0.0038195275098749093
2022-06-28,-0.0382830527852434,-0.020432820975843646
2022-06-29,0.0009821925300232959,-0.0008145468887329477
2022-06-30,-0.016878671569685567,-0.008124239423455082
2022-07-01,0.013578929075052405,0.010576737628724464
2022-07-05,0.020305858882344374,0.0018883998606276098
2022-07-06,0.0041111126712988005,0.0033773867261650548
2022-07-07,0.033356874718864796,0.014977164920612074
2022-07-08,0.01150851767104797,-0.0008226040258201284
2022-07-11,-0.034448961675121015,-0.011423604244941044
2022-07-12,-0.007636177120794451,-0.00884894459597696
2022-07-13,0.0050497172315696615,-0.005251689310353025
2022-07-14,0.011418058140769238,-0.002428414315699734
2022-07-15,0.00960098470162878,0.019105140556960443
2022-07-18,-0.009381777706595784,-0.008257014920433736
2022-07-19,0.023128775706913095,0.0270190437494624
2022-07-20,0.01072491918570644,0.006373307411668083
2022-07-21,0.0471192876486629,0.010183105260600511
2022-07-22,-0.005837341353160764,-0.009277985508653441
2022-07-25,-0.009732657332536677,0.00121485508062813
2022-07-26,-0.02315080373357823,-0.011830869520092713
2022-07-27,0.05172625425977651,0.025966310026016348
2022-07-28,0.015986273458692055,0.012542210090303652
2022-07-29,0.03939004653426914,0.014578862266415138
2022-08-01,-0.004235687794406973,-0.002961367822668648
2022-08-02,-0.0015560457091410296,-0.006597149756258358
2022-08-03,0.029928549114122925,0.015659361486427548
2022-08-04,0.0016742497157915984,-0.0006755619650964384
2022-08-05,-0.02759861797842509,-0.0016902399468030627
2022-08-08,0.00013566910565159245,-0.0011608512444413188
2022-08-09,-0.00823111589982335,-0.003971006403655886
2022-08-10,0.030900338907149428,0.021004099955967304
2022-08-11,-0.01375255921322065,0.0
2022-08-12,0.030677705213215223,0.016928871427379866
2022-08-15,0.015987743567298242,0.004120693420994304
2022-08-16,-0.004452297483000045,0.0019588120781464102
2022-08-17,-0.00036234645976738165,-0.007097991045177943
2022-08-18,-0.003188692194956744,0.0029065252967830357
2022-08-19,-0.01700421449456755,-0.013438157860073185
2022-08-22,-0.024188421032753295,-0.02082248832684086
2022-08-23,0.0072684392358146185,-0.002419374394778684
2022-08-24,0.0011154835978195443,0.0032013224977693877
2022-08-25,0.006805750184992032,0.0141174791147054
2022-08-26,-0.03357836538284335,-0.0338490043835703
2022-08-29,-0.012149882980696391,-0.006612302637525547
2022-08-30,-0.017825776708829035,-0.010977576848923754
2022-08-31,-0.008405237817951994,-0.007609350027045325
2022-09-01,0.003313901428056232,0.003138066667628392
2022-09-02,-0.018808135422157514,-0.01054463572657982
2022-09-06,0.0007514372427163572,-0.0037730207908444058
2022-09-07,0.02105049412612985,0.01796499493569237
2022-09-08,0.004325430209489101,0.006536206071632078
2022-09-09,0.026540397405541018,0.015535261417731983
2022-09-12,0.02338624466851935,0.010747761818237667
2022-09-13,-0.05061625446015186,-0.043482617791998246
2022-09-14,0.01835440977391776,0.0038158449131138195
2022-09-15,-0.011488862022142433,-0.011353296371717114
2022-09-16,-0.005432477971854222,-0.007628830453132118
2022-09-19,0.01739589394280583,0.007754892778991218
2022-09-20,0.0041329726783834175,-0.011478637420408888
2022-09-21,-0.021268689073076975,-0.017443838350238328
2022-09-22,-0.017087622021223624,-0.008399580426624809
2022-09-23,-0.02696819864230229,-0.016754903448052527
2022-09-26,0.0014969232666182998,-0.009892532581085911
2022-09-27,0.011793553879736796,-0.002552951954655769
2022-09-28,0.005766524228823177,0.019676499972397066
2022-09-29,-0.0498495526792484,-0.020889179360676913
2022-09-30,-0.020303807547663078,-0.015463473894464896
2022-10-03,-0.015424528985862551,0.026401220148450477
2022-10-04,0.028628908286774515,0.030986602137561325
2022-10-05,-0.012760610360762705,-0.00232812692228046
2022-10-06,-0.009036000230068987,-0.010315668697948754
2022-10-07,-0.05015523261405588,-0.02789413651929107
2022-10-10,-0.0035156263235086582,-0.00763538693365462
2022-10-11,-0.019041496069179754,-0.006332818318089184
2022-10-12,-0.00017303058856650284,-0.003298429898156763
2022-10-13,0.02921556620307717,0.026391042315937252
2022-10-14,-0.04792799303116104,-0.022788778501114826
2022-10-17,0.04751915849511054,0.02569701632947652
2022-10-18,0.006112349922547278,0.011749629658740046
2022-10-19,0.00197284008163936,-0.007086549417433252
2022-10-20,-0.02817568219124125,-0.00838550110093883
2022-10-21,0.029696726892742123,0.02430179916963282
2022-10-24,0.004208410330109702,0.012236430913169283
2022-10-25,0.0316436247616986,0.01596842730583803
2022-10-26,-0.019289639825948203,-0.007533966566117711
2022-10-27,-0.015336101130772663,-0.005339974984442497
2022-10-28,0.044360402589338536,0.02379063675620907
2022-10-31,-0.011050695059737237,-0.00722328905068359
2022-11-01,-0.009936831981287454,-0.004375895266551355
2022-11-02,-0.04453968936166626,-0.025096188522537033
2022-11-03,-0.0216638949604423,-0.010296615804087805
2022-11-04,-0.008678870360860238,0.01439293082836457
2022-11-07,-0.012616829399786677,0.009565551574040265
2022-11-08,-0.00918365373378407,0.005395424687922867
2022-11-09,-0.045753013700797034,-0.02060217980034096
2022-11-10,0.08161721921372905,0.05495442919450366
2022-11-11,0.0221178988042094,0.009678222456090957
2022-11-14,-0.018540877653018796,-0.008506716787306523
2022-11-15,0.012364463320170228,0.008529253463505748
2022-11-16,-0.01839822523186956,-0.007628920106030113
2022-11-17,-0.0028776629623447963,-0.0030598649594653082
2022-11-18,-0.005375488452688004,0.004540541852394275
2022-11-21,-0.035332824396805275,-0.0036362605554274285
2022-11-22,0.013187558896916186,0.013457105783463819
2022-11-23,0.035739099458726685,0.006301495784793554
2022-11-25,-0.008652451905488046,-0.00022365261977108641
2022-11-28,-0.015005003137246687,-0.01595684805976394
2022-11-29,-0.014212579343490852,-0.0017175427240867513
2022-11-30,0.06244295446922861,0.03150057809886486
2022-12-01,0.00040390694228791273,-0.0007359159364485057
2022-12-02,-0.0007605773133990024,-0.0011538127608810012
2022-12-05,-0.032448186951993696,-0.01798924879091024
2022-12-06,-0.019974670171462816,-0.014414822259440574
2022-12-07,-0.01898328886735101,-0.0017010240318536818
2022-12-08,0.00595397368841848,0.007833825014262885
2022-12-09,0.009963673188280333,-0.0074702129183733534
2022-12-12,-0.012754236097090697,0.014417250551446825
2022-12-13,-0.01016872472456596,0.007569920557883858
2022-12-14,-0.016294512052271726,-0.006393611894436546
2022-12-15,-0.022906005140469123,-0.024461532699874167
2022-12-16,-0.028176192401852145,-0.011806160996735926
2022-12-19,-0.010787856776943229,-0.00847983404298891
2022-12-20,-0.03130316648009241,0.001368487331529833
2022-12-21,0.01103143024183715,0.014952281443873838
2022-12-22,-0.05014572535401396,-0.014265942163242062
2022-12-23,-0.007686192384947478,0.005752237995991116
2022-12-27,-0.05266964667451555,-0.00394355976991978
2022-12-28,-0.0010894874169769878,-0.012427811101066943
2022-12-29,0.04918640439493767,0.018000446211948073
2022-12-30,0.004465724766245671,-0.0026342371343315296
2023-01-03,-0.0641310592349593,-0.004209922842847269
2023-01-04,0.015876558251821816,0.007720324315645177
2023-01-05,-0.02178501790400225,-0.011413506614309288
2023-01-06,0.026935074236595295,0.02293231468838508
2023-01-09,0.027322517347853202,-0.0005670795745496005
2023-01-10,0.0002334027176325473,0.007012792395447054
2023-01-11,0.029200162777259835,0.012647875138444231
2023-01-12,0.0031883027259314027,0.0036408419648714663
2023-01-13,0.0008961389420572897,0.003879398973475112
2023-01-17,0.034144789117536024,-0.0018317037713084794
2023-01-18,-0.014169917688012902,-0.015788168108305856
2023-01-19,-0.008113884074678657,-0.007279765010450467
2023-01-20,0.03449568718586807,0.018628991203162526
2023-01-23,0.04233489929159799,0.011998743837272396
2023-01-24,0.003969563882423732,-0.0010733522339475554
2023-01-25,-0.0015608493697323977,0.0003747481912688144
2023-01-26,0.05593312263810759,0.010990266699506979
2023-01-27,0.04960344841680487,0.002297806553631432
2023-01-30,-0.03769613919528068,-0.012546787902407264
2023-01-31,0.023555505593240825,0.014703343978902605
2023-02-01,0.026059697508556082,0.010627627676881746
2023-02-02,0.039327794649500314,0.014556926514886603
2023-02-03,0.008668923258284455,-0.010628849202516388
2023-02-06,0.0016694849163603432,-0.006111556462066292
2023-02-07,0.020312563489909553,0.013078807491877065
2023-02-08,0.0014238138427192133,-0.010934653131022487
2023-02-09,0.0068861407358614905,-0.00866937287248104
2023-02-10,-0.01953549219604889,0.0023337294759508964
2023-02-13,0.009200122712306191,0.011739046000123876
2023-02-14,0.028961299268130826,-0.0004603331055250681
2023-02-15,0.013501648428533809,0.003247435438476831
2023-02-16,-0.03227450770493239,-0.013768870040682946
2023-02-17,0.006274299945018203,-0.002498229824391407
2023-02-21,-0.03585637343228458,-0.020060993852751396
2023-02-22,0.00731329187536547,-0.0013779517537104713
2023-02-23,0.006318182270998118,0.005319388760593569
2023-02-24,-0.02183272436141364,-0.010682403656905759
2023-02-27,0.025894165110229087,0.0034059585412549165
2023-02-28,-0.00566967716075264,-0.003696201395961385
2023-03-01,-0.013941022620392606,-0.0038359385759509923
2023-03-02,-0.017833404285903055,0.007777421759312508
2023-03-03,0.03180213929811582,0.016037648891525924
2023-03-06,0.0006045919543874231,0.0006930068982580195
2023-03-07,-0.02050603288029018,-0.015328919307852962
2023-03-08,-0.009170983536950228,0.0016321239620269434
2023-03-09,-0.027009811511015006,-0.01844983533455713
2023-03-10,-0.007305086305502152,-0.014429227624238039
2023-03-13,0.011993108531955211,-0.001425423929319658
2023-03-14,0.031175167397573266,0.01652991694508854
2023-03-15,-0.0015186475101344856,-0.006254152990181283
2023-03-16,0.023742318539678033,0.017545177388270883
2023-03-17,-0.008532280138669135,-0.011692745520606063
2023-03-20,0.007968556202130285,0.009615786196128795
2023-03-21,0.03719603534031704,0.013130409288614642
2023-03-22,-0.01774733148539409,-0.017046616304817186
2023-03-23,0.008971117217033874,0.002703557671864143
2023-03-24,0.0016518284849401433,0.006562053382071387
2023-03-27,-0.004963098807115341,0.0018698648243886673
2023-03-28,-0.00788790963376087,-0.0022447071383457917
2023-03-29,0.02166895439970298,0.014534721737550216
2023-03-30,0.009368254883413751,0.00585527429365551
2023-03-31,0.03419892661732944,0.014094713548193027
2023-04-03,-0.022128972784130105,0.00381058004157131
2023-04-04,-0.005832341899323357,-0.00554825635464018
2023-04-05,-0.021157867751045358,-0.0026180727192720576
2023-04-06,0.006313084589965623,0.0039007164012663242
2023-04-10,-0.009093582272024637,0.0010264209882686615
2023-04-11,-0.0026273763140312713,0.00026846433535854253
2023-04-12,-0.014658461249548171,-0.004075749456692868
2023-04-13,0.02999670420691674,0.013282548902633584
2023-04-14,-0.005335212540435919,-0.002442653032969755
2023-04-17,0.006318446055627192,0.0035881454636241816
2023-04-18,-0.003134233143763288,0.0006521829984540428
2023-04-19,-0.005230564700219055,-0.0001688187429578214
2023-04-20,-0.04294428619105508,-0.005457179696542358
2023-04-21,0.000972122456883895,0.0007769202322989166
2023-04-24,-0.008171502478121507,0.0010433247548171654
2023-04-25,-0.012907724010039857,-0.015873846817014092
2023-04-26,-0.0027653356152729886,-0.004235726852082955
2023-04-27,0.03451809960821537,0.019908034458881785
2023-04-28,0.01489853808024151,0.008535293091842089
2023-05-01,-0.007356074359668652,-0.0010097881011376098
2023-05-02,-0.006331863515571113,-0.011239234848181567
2023-05-03,-0.0024997376828134413,-0.006864027273203899
2023-05-04,-0.0018323496666917457,-0.007082847621459387
2023-05-05,0.04418731148090678,0.01851255953454345
2023-05-08,0.0026201141320600697,0.0002665760808748807
2023-05-09,-0.011204600828300725,-0.004385456089119
2023-05-10,0.006185149856710215,0.0046724519590204405
2023-05-11,0.007430593357808091,-0.0017440014806316961
2023-05-12,-0.012432732692302696,-0.0013104781000439214
2023-05-15,-0.004723058400906588,0.0034501955387429284
2023-05-16,0.0018822612602552803,-0.006682622012526895
2023-05-17,0.020963014186082776,0.012139061731258005
2023-05-18,0.015316594468046986,0.009633074270961606
2023-05-19,0.007487546937737322,-0.0014550813783380523
2023-05-22,0.018976890193202412,0.00040615493964790694
2023-05-23,-0.016313769906589018,-0.011222724809435425
2023-05-24,-0.006421319509084001,-0.007244963299742113
2023-05-25,0.013802076107901896,0.008659866718847997
2023-05-26,0.028783853002115525,0.012950849681178767
2023-05-30,0.019799547150182995,0.00038085640132412557
2023-05-31,0.003692363579152325,-0.0055450789249817944
2023-06-01,0.016002473530449767,0.009500844082160453
2023-06-02,0.016038608920619524,0.01446109614621438
2023-06-05,0.0040981893471338186,-0.0019160579625825402
2023-06-06,0.004631495119366114,0.002177428951430027
2023-06-07,-0.0033838056267320397,-0.003457918595901388
2023-06-08,0.025677029628363535,0.006048536134436899
2023-06-09,0.01805272810381222,0.0017944316019244955
2023-06-12,0.01823940179213972,0.009071881903834234
2023-06-13,0.014643497640007655,0.006592811007980037
2023-06-14,0.00025271669904838325,0.001190868252467725
2023-06-15,0.009472466409045976,0.012397730622668135
2023-06-16,0.001593682737638625,-0.0034061828778929604
2023-06-20,0.019049945722186434,-0.005188327743195331
2023-06-21,-0.0267739946459123,-0.005123635971026608
2023-06-22,0.018237166472663935,0.003609753920654768
2023-06-23,-0.015553952436443063,-0.0075600250367043875
2023-06-26,-0.0310939836487524,-0.0040857458942883396
2023-06-27,0.02485740720406566,0.010963342542120502
2023-06-28,0.012936137160663996,0.0005043174733758704
2023-06-29,0.0022091579446236187,0.003941455589723031
2023-06-30,0.01915112709551825,0.011800671732868473
2023-07-03,0.022970014394165395,0.0011504738800844905
2023-07-05,0.0015486127438878667,-0.0014870457539923887
2023-07-06,-0.005562363973004336,-0.007830847215213321
2023-07-07,-0.007782070420151733,-0.00252464859567636
2023-07-10,-0.014564472363665317,0.002531038578669653
2023-07-11,-0.00047121599902326676,0.006368633382280109
2023-07-12,0.009701348333054405,0.008045880912900927
2023-07-13,0.013552882749335726,0.007936801173685115
2023-07-14,0.006829754379606001,-0.0006227475340844224
2023-07-17,0.020000272045602997,0.0034723064797546055
2023-07-18,0.011501164339531035,0.007430505525423348
2023-07-19,-0.002461024339457829,0.0022237546446737255
2023-07-20,-0.047611282536779514,-0.006634518434817105
2023-07-21,-0.008633992351366216,0.0
2023-07-24,0.01637431307994173,0.004467348995011999
2023-07-25,-0.00041239878607215444,0.0027301338260903307
2023-07-26,-0.007111768506193862,0.00015359036149908967
2023-07-27,-0.01988038782368424,-0.006629934231915713
2023-07-28,0.02681408730742696,0.009790251084788038
2023-07-31,0.0013045557113781304,0.001904213502517127
2023-08-01,-0.01097312129698973,-0.0028616633948471693
2023-08-02,-0.022116374476581414,-0.01391085009308668
2023-08-03,0.004759562937465844,-0.002865840981526091
2023-08-04,-0.026944412338334934,-0.004522776047293786
2023-08-07,-0.009277090650386023,0.008728542620685564
2023-08-08,-0.003118995647216716,-0.004348668969485825
2023-08-09,-0.01795531343439143,-0.006685220613193099
2023-08-10,0.005143061209097999,0.0003589579192881942
2023-08-11,-0.005439803686822153,-0.000583185640786632
2023-08-14,0.0008810559648636754,0.0055201285694388424
2023-08-15,-0.017170392861463737,-0.011648991312601109
2023-08-16,-0.015106631896862389,-0.007338213048649567
2023-08-17,-0.019331454514798497,-0.007619873408485911
2023-08-18,-0.0059319362797068285,0.000481501272869167
2023-08-21,0.03581724685525907,0.006506198249267348
2023-08-22,0.006825682428442059,-0.002708656642000151
2023-08-23,0.01789067122026191,0.011137833921969431
2023-08-24,-0.026285221750228027,-0.013859208934848821
2023-08-25,0.021805659096608032,0.007049964014531618
2023-08-28,0.004369958765836656,0.006341442558222665
2023-08-29,0.04238533500506674,0.014454495088287
2023-08-30,0.007464883022144519,0.004118915245219679
2023-08-31,0.0016796731100076957,-0.0014635198056539567
2023-09-01,-0.016322815118510952,0.0018653852477770183
2023-09-05,0.022224468170775415,-0.004321974117040828
2023-09-06,-0.02184593943941242,-0.006722538069015238
2023-09-07,-0.01416696874427479,-0.003070031329487577
2023-09-08,-0.0007158100507846489,0.0015059559313987947
2023-09-11,0.045215032132313884,0.006576678573984696
2023-09-12,-0.019394545065270406,-0.00548552145126191
2023-09-13,0.003556800730491449,0.001165879451936247
2023-09-14,0.012072724492913744,0.008622414933880052
2023-09-15,-0.009059917476441238,-0.01204829645453176
2023-09-18,-0.007217608992937086,0.000586377141772676
2023-09-19,0.004062740757476902,-0.002073695128808839
2023-09-20,-0.01866088386767277,-0.009193248652832775
2023-09-21,-0.01482441079016521,-0.016528387866397654
2023-09-22,-0.01652560054648844,-0.002248697582309833
2023-09-25,0.006733098725903552,0.004205156793733789
2023-09-26,-0.017408469842906248,-0.01469117627188632
2023-09-27,-0.009074045138681087,0.00039908348667294646
2023-09-28,0.01093343203348307,0.005797483394306857
2023-09-29,0.008798289001574667,-0.002426863453558359
2023-10-02,0.011972397583596407,-0.0003977366544111183
2023-10-03,-0.01639521229527048,-0.013386242946917704
2023-10-04,0.030215676292379492,0.0072822218842616415
2023-10-05,0.0014299054848426974,-0.0003769393002031052
2023-10-06,0.011585838967842623,0.011872739674899213
2023-10-09,0.0036246374516692996,0.006402273192944508
2023-10-10,0.0038766652381024176,0.005204926739893478
2023-10-11,0.004660059986102239,0.004096208032365656
2023-10-12,-0.0049999697397070456,-0.00609639816253138
2023-10-13,-0.018163704129138394,-0.0049809729065020125
2023-10-16,0.007165535425939585,0.010521617363397295
2023-10-17,-0.0023975280792232437,-4.5941725441589476e-05
2023-10-18,-0.02323384084706606,-0.013325152738051016
2023-10-19,-0.037332616046465004,-0.008786350087727768
2023-10-20,-0.023444779105090664,-0.012288185325865508
2023-10-23,0.002069817414176489,-0.0017330133641145773
2023-10-24,0.010126342960126333,0.007539265295393394
2023-10-25,-0.00683536953605719,-0.014352147707983431
2023-10-26,-0.02988623062182063,-0.011974556108007905
2023-10-27,0.007352548431705453,-0.004532675487149418
2023-10-30,-0.009709740074620665,0.011955746878087758
2023-10-31,0.008654959414923447,0.006280136408222559
2023-11-01,0.021803656210807,0.01066477903491414
2023-11-02,0.034570339045165266,0.01916443813421065
2023-11-03,0.003154216087354467,0.00912326037781619
2023-11-06,0.006701806359357665,0.0023006088993042795
2023-11-07,0.013332672493226916,0.0028458466918195313
2023-11-08,0.0037090892295215568,0.0007325644065969694
2023-11-09,-0.024277007024304378,-0.007798893182630606
2023-11-10,0.023163455041769865,0.015604951231044328
2023-11-13,0.011832197349154529,-0.0009531306297061448
2023-11-14,0.0321683740071074,0.01940057188186395
2023-11-15,0.010446325678280034,0.0021171604118641607
2023-11-16,-0.008102887043871165,0.0012231201762880062
2023-11-17,-0.0021865144295848183,0.0012438031266428506
2023-11-20,0.010035036425149448,0.007697472180838716
2023-11-21,0.005499685911655439,-0.002179308520039447
2023-11-22,-0.007623706125154995,0.0038607904291965145
2023-11-24,-0.0009063270391669539,0.0006153893714431202
2023-11-27,0.0013165096740670459,-0.0018010343879227841
2023-11-28,0.021473998725024316,0.0009901592047776298
2023-11-29,-0.008358807065890607,-0.0007035102767853907
2023-11-30,-0.005395090233770494,0.003937541108143261
2023-12-01,-0.0016885359014032764,0.005915893741904821
2023-12-04,-0.012096769097346761,-0.005249432687849054
2023-12-05,0.015588042293233118,-0.00019704602839842877
2023-12-06,-0.0031828785612817876,-0.0040296496503668955
2023-12-07,0.01068601196935779,0.007630273638161267
2023-12-08,0.006711644686058494,0.004299201747144377
2023-12-11,-0.013462527264061098,0.003889438583836613
2023-12-12,0.0002720682858948112,0.0045673328521464995
2023-12-13,0.010519257994410891,0.013790166744447552
2023-12-14,0.015452311037585265,0.0032093504740717815
2023-12-15,0.005436781407874758,-0.001646472636431029
2023-12-18,-0.0046062164910587455,0.005625069629568102
2023-12-19,0.010627587640638536,0.0060808699046335235
2023-12-20,-0.021375414186106646,-0.013857375843871256
2023-12-21,0.013180021480587858,0.009481977657604723
2023-12-22,-0.0047427312726901595,0.0020096910799565215
2023-12-26,0.005352797972504186,0.004222463633294149
2023-12-27,0.007421284030355891,0.0018080763240817532
2023-12-28,-0.011100317540705796,0.00037781567674510796
2023-12-29,-0.00919012201052496,-0.0028949024708879723
2024-01-02,-0.01716089446502538,-0.005596406341431548
2024-01-03,-0.01919417447631766,-0.008166714160769972
2024-01-04,-0.007387864663926337,-0.0032209918613670396
2024-01-05,-0.0024481784337617497,0.001369522070660656
2024-01-08,0.018429713488055822,0.01427597305148609
2024-01-09,-0.009451092925553928,-0.0015170151404344523
2024-01-10,0.0042469287053727555,0.005655396875571261
2024-01-11,-0.011807249359919593,-0.0004407058669592123
2024-01-12,-0.011956230568346228,0.0006927305894453006
2024-01-16,-0.0021362312107000574,-0.0036711873135417683
2024-01-17,-0.010409840402492088,-0.005558677730028827
2024-01-18,0.008477257503612147,0.00889281314630641
2024-01-19,0.009235859767034161,0.012466077528639152
2024-01-22,-0.002608825453412034,0.002114424192295239
2024-01-23,0.004518154430677157,0.0029164564940398208
2024-01-24,-0.0020640938596387937,0.0010932238759320256
2024-01-25,-0.04803211820730095,0.005438825024638216
2024-01-26,-0.002711485216037768,-0.0012704112592809569
2024-01-29,0.018196377063548264,0.007919341692210757
2024-01-30,-0.006867167701900168,-0.0007733499618322037
2024-01-31,-0.022109839863659286,-0.01631732385186435
2024-02-01,0.01180825767770859,0.013088157742291884
2024-02-02,-0.000489005720206004,0.010527261203377547
2024-02-05,-0.013351783813849272,-0.0036410523816732265
2024-02-06,0.012298982442078122,0.0029032712530114857
2024-02-07,0.009813787805624807,0.008340467416385389
2024-02-08,0.0019493264198198633,0.0004415498884511315
2024-02-09,0.013209582258291608,0.005779472605553337
2024-02-12,-0.0173578876149058,-0.00043900604937352483
2024-02-13,-0.01755411668749076,-0.013773029070145548
2024-02-14,0.010203650626458585,0.00908766789289217
2024-02-15,0.02282381858739593,0.006899825020527883
2024-02-16,-0.005599739535242199,-0.0049799984638401185
2024-02-20,-0.014657265238097739,-0.005505452833027169
2024-02-21,0.003456525667525412,0.0009058784143716192
2024-02-22,0.014628711618489287,0.020695462329564096
2024-02-23,-0.01567287806336104,0.0006897094827567063
2024-02-26,0.01113637088373054,-0.0036625529987657224
2024-02-27,0.0038783414523302145,0.001857692750301121
2024-02-28,0.0020937502244378074,-0.0013216252536034645
2024-02-29,0.0011100312287226632,0.003595051430237417
2024-03-01,-6.984125680276326e-06,0.009388125403148484
2024-03-04,-0.03905384469156064,-0.0010723399584747773
2024-03-05,-0.033023749062103994,-0.009994161907803556
2024-03-06,-0.011924612094948685,0.005067288333287401
2024-03-07,0.0080036752446766,0.009926369229157128
2024-03-08,-0.0047438721490613124,-0.006002189119436174
2024-03-11,0.009439201190503056,-0.0008598396053856039
2024-03-12,0.005913753785312937,0.010757244572247693
2024-03-13,-0.023094990653220182,-0.0015673522125619899
2024-03-14,-0.007227102811319284,-0.0019768572485058256
2024-03-15,-0.0023837680951100506,-0.00686654192276781
2024-03-18,0.027998074037616137,0.0059431686977420295
2024-03-19,0.0016864281271616213,0.005557133649672252
2024-03-20,0.01782971899616106,0.009249352585821047
2024-03-21,-0.020862833561046477,0.0033046321332648176
2024-03-22,-0.0027753236694148422,-0.0018959405749968683
2024-03-25,-0.0018483413421893418,-0.002762524293807078
2024-03-26,0.008436771308013881,-0.0018471645152001726
2024-03-27,0.013243685401910454,0.008403906696541563
2024-03-28,-0.01354690410618058,-0.0001912804708001925
2024-04-01,-0.0028490300447395977,-0.0017396144931319801
2024-04-02,-0.0238836073817015,-0.006358198179953423
2024-04-03,0.005650079584273304,0.0010984364540300717
2024-04-04,0.0033058418126004517,-0.012206029543915253
2024-04-05,-0.009059665669213946,0.010446805235956091
2024-04-08,0.016497208831176956,0.0005592439935240279
2024-04-09,0.012711451519959916,0.0011568077275332378
2024-04-10,-0.017451091580061376,-0.01001294202036107
2024-04-11,0.026128894511896483,0.0075466863101030235
2024-04-12,-0.0075003224661222,-0.013802947423714018
2024-04-15,-0.035040527683550884,-0.012528093329782442
2024-04-16,-0.01803723463735509,-0.0018238493517245269
2024-04-17,-0.008807131610968045,-0.005918219248078005
2024-04-18,-0.02016585896628591,-0.002057790018223704
2024-04-19,-0.015116370295497884,-0.008728192313309235
2024-04-22,-0.010642525522733638,0.009208994074733745
2024-04-23,0.013259623989000734,0.011866730682227322
2024-04-24,0.0540564895059037,-0.00047460941365395914
2024-04-25,0.017020504803495196,-0.003798986612040367
2024-04-26,-0.0021826892595312236,0.009473902944366674
2024-04-29,0.06914743797516443,0.0035414757424736543
2024-04-30,-0.0359326497359919,-0.015841283638990067
2024-05-01,-0.006717181436980147,-0.0032471262761668562
2024-05-02,0.010325756330199365,0.009353540218490775
2024-05-03,0.030982441445674705,0.0123953025000485
2024-05-06,0.007622219065858181,0.010326716143411296
2024-05-07,-0.015558918264516563,0.0011034445466309162
2024-05-08,-0.005619315088399768,9.669515375820836e-05
2024-05-09,-0.0014228853761887976,0.005761967626048303
2024-05-10,-0.009723227227589382,0.0012881913772686548
2024-05-13,0.014686403563052043,0.00013407631564033018
2024-05-14,0.017013559020764693,0.004588086893504872
2024-05-15,0.0003637445405220152,0.01238320042540697
2024-05-16,0.0012190485118126482,-0.0020577076120352755
2024-05-17,0.0056867290878503726,0.001437610194177541
2024-05-20,-0.000751115298548522,0.0011520878427233594
2024-05-21,0.031118915368397282,0.0024525594428066455
2024-05-22,-0.016237607829122914,-0.0028793125884677417
2024-05-23,-0.02420539906881436,-0.0073040322395584445
2024-05-24,0.020777936294866264,0.006616389080142504
2024-05-28,-0.005461277007931154,0.0006987084904093166
2024-05-29,-0.0011701951600199267,-0.007002448067707001
2024-05-30,0.0012474429399061955,-0.006633769512759957
2024-05-31,0.0006408906798413662,0.00910820568878834
2024-06-03,-0.0010928593509922585,0.0008153053239223773
2024-06-04,-0.001555768340199837,0.0011178870552506215
2024-06-05,0.007471413803427264,0.011885128868351469
2024-06-06,0.004121929497308807,-1.8774938745358405e-05
2024-06-07,0.003607127803580191,-0.001215496029200791
2024-06-10,-0.014078681527532267,0.0030895502539092234
2024-06-11,0.02410392721115753,0.0024084120171274925
2024-06-12,0.0308445421573778,0.008212889503495635
2024-06-13,0.01411933995126047,0.00201357733672225
2024-06-14,-0.012595923901943753,0.0006085029494118377
2024-06-17,0.03167948516638437,0.007958798594057459
2024-06-18,-0.010805083795161142,0.002540851351021667
2024-06-20,-0.016010830421051805,-0.0027166348013217823
2024-06-21,0.0008253816156690522,-0.0013405881558392618
2024-06-24,-0.0006249904600791113,-0.0032507903548967265
2024-06-25,0.013702892237775322,0.0038508959296206235
2024-06-26,0.027791962861175273,0.0012480604927769257
2024-06-27,0.004038387821242929,0.0015764451725310824
2024-06-28,-0.0081753320808732,-0.003934966637015758
2024-07-01,0.04023485559859563,0.0020579935995610477
2024-07-02,0.048401698507152174,0.00672975932372144
2024-07-03,0.029142904328446885,0.004462590190542848
2024-07-05,0.01992366884366166,0.005766543297254234
2024-07-08,0.004309251520756119,0.0011539348922100512
2024-07-09,0.013485169681460808,0.0009724054218764877
2024-07-10,0.011859866981560253,0.009895191146199522
2024-07-11,-0.048019262216488494,-0.008622602452155292
2024-07-12,0.016663213756815655,0.006307565314633834
2024-07-15,0.013984411153224841,0.0027501773520342
2024-07-16,0.00496715125037246,0.005930089601585253
2024-07-17,-0.025354193990695408,-0.014021167193897233
2024-07-18,-0.008459319390887999,-0.007684862819965055
2024-07-19,-0.01734623984004036,-0.006640511709623098
2024-07-22,0.02262874177320131,0.010309807041212204
2024-07-23,-0.0054210070182186595,-0.0015685075770300871
2024-07-24,-0.06801108287971576,-0.022662596071628127
2024-07-25,0.0010711542933072638,-0.005210211292997813
2024-07-26,0.003331065222451724,0.011199566714143794
2024-07-29,0.023584534733517692,0.0005878910874113075
2024-07-30,-0.01709708876641487,-0.005066355012665835
2024-07-31,0.020814798389367152,0.016254459991826398
2024-08-01,-0.033509355326183154,-0.014161047843521679
2024-08-02,-0.018336443513382795,-0.018618269619143257
2024-08-05,-0.042728888914413427,-0.02912386069912143
2024-08-06,0.0018978875205072137,0.00921976290871318
2024-08-07,-0.013294626253538899,-0.006684121531949527
2024-08-08,0.023560162351989745,0.02311732388021248
2024-08-09,0.009481804119652182,0.004409572320675403
2024-08-12,-0.0017788897786612974,0.0005255429376276322
2024-08-13,0.031359766494419544,0.016445620250804094
2024-08-14,-0.010223715633809638,0.0031548435993309365
2024-08-15,0.03312207457300609,0.017140195621797805
2024-08-16,0.004849876765169592,0.0022421658200344474
2024-08-19,0.0133947427667803,0.009561340150587405
2024-08-20,-0.0002600482207241407,-0.0016262383783595125
2024-08-21,0.0034208613858512705,0.0034364261168384758
2024-08-22,-0.029945977253868765,-0.007848376757559228
2024-08-23,0.023054420834766942,0.010625310346707773
2024-08-26,-0.013892487613744044,-0.0023837003542713786
2024-08-27,-0.00583844598427814,0.0013730160726774798
2024-08-28,-0.010882590046917141,-0.005805265621835476
2024-08-29,0.008085918883735355,8.961235808957468e-05
2024-08-30,0.01575428749068002,0.009546033305428026
2024-09-03,-0.021131292270518576,-0.020579066434597282
2024-09-04,0.01302187533743979,-0.0020468181220516524
2024-09-05,0.02213792743776606,-0.002432296274036183
2024-09-06,-0.0398660180319481,-0.0168301197560371
2024-09-09,0.012680337574791258,0.011196186821106346
2024-09-10,0.02104211589070868,0.0043557519299466385
2024-09-11,0.012368951447289469,0.010258979551575731
2024-09-12,0.005015422064474295,0.008423324342266225
2024-09-13,0.0020321172420878055,0.005222853921053261
2024-09-16,-0.01685838610194428,0.001476749761579077
2024-09-17,0.004558241615098923,0.0004085605132226888
2024-09-18,0.004025108096731378,-0.0029659313594012637
2024-09-19,0.047921065436120854,0.01706462349503468
2024-09-20,-0.01202830633523966,-0.0017286081879492876
2024-09-23,0.0158861036956375,0.0024987790688735245
2024-09-24,0.00641933537386874,0.0028612616046035377
2024-09-25,0.003936911104910612,-0.0022054111364639972
2024-09-26,-0.0026957937020812613,0.0039646015159722214
2024-09-27,0.00876731218074236,-0.0014503104645270382
2024-09-30,0.012011028110964128,0.0040072655540939195
2024-10-01,-0.021642594655634076,-0.00895843905001259
2024-10-02,-0.014636891486931612,0.00042191288239945557
2024-10-03,-0.015669413811485858,-0.0018280990057641944
2024-10-04,0.01742937770402511,0.00908750855762852
2024-10-07,-0.02694172388080656,-0.009040597368901171
2024-10-08,0.01598199630764037,0.009457535807176232
2024-10-09,0.0023613784140618767,0.006926514839335152
2024-10-10,-0.00543085650824493,-0.0017500184384802164
2024-10-11,-0.03750135026321333,0.005988197182801747
2024-10-14,0.01044441752055536,0.008178304812447301
2024-10-15,0.0049672975120602205,-0.007769674168455198
2024-10-16,-0.0015858769320838736,0.004346414969082613
2024-10-17,0.00013175682488109075,8.597539188492931e-05
2024-10-18,0.005257671570802947,0.0038464296574280965
2024-10-21,-0.0005373083213374486,-0.0016420777195713665
2024-10-22,0.0015121156974213785,-0.0005312381064610516
2024-10-23,-0.017938259342399544,-0.009137393474173527
2024-10-24,0.08740805568737248,0.002162732458899752
2024-10-25,0.016442945484971674,-0.00034550435720570594
2024-10-28,-0.007214998470757284,0.0030914601823224253
2024-10-29,-0.0015803527136154737,0.0016184652678015166
2024-10-30,-0.008879013571540596,-0.0030252990446227868
2024-10-31,-0.03134809137456771,-0.01960308208060202
2024-11-01,-0.004726158823440586,0.004220505791672879
2024-11-04,-0.012410153842399631,-0.0021538996042558267
2024-11-05,0.018229159220065717,0.012091723159443069
2024-11-06,0.06193591818479166,0.024865656308564077
2024-11-07,0.02266529238526762,0.007732072780885613
2024-11-08,0.030916766381357676,0.004331803610893914
2024-11-11,0.02888273009825651,0.000952716744613058
2024-11-12,-0.022181020742128955,-0.003106369055145941
2024-11-13,0.004744568304919872,0.00048589972154977623
2024-11-14,-0.016783148034110962,-0.006430245988008787
2024-11-15,0.001048816474424342,-0.012808494734805276
2024-11-18,0.028209626560244772,0.004097434660641497
2024-11-19,0.010005539184566014,0.0036553237644714187
2024-11-20,-0.00442900730335114,0.0003388210162236227
2024-11-21,-0.004496850230378912,0.005368410206432417
2024-11-22,0.01957972060610365,0.0030992913982035297
2024-11-25,-0.009770913231221676,0.0033921738098128262
2024-11-26,0.007730125267613986,0.005221569324431297
2024-11-27,-0.008873002793581431,-0.0030302655195890704
2024-11-29,0.019052192871871834,0.006212115192164802
2024-12-02,0.021186198339240247,0.0017925188252010393
2024-12-03,-0.0011405351085564943,0.0004637510976623904
2024-12-04,0.010888372221581255,0.006209414297781324
2024-12-05,0.015345639994802075,-0.001645503085190847
2024-12-06,0.02145927713331242,0.001895682417583977
2024-12-09,0.008130925822256253,-0.005149770259368247
2024-12-10,0.011940619307451963,-0.003108951106848501
2024-12-11,0.024208311205189226,0.0077305767076008
2024-12-12,-0.0036416389166921805,-0.005152635491914692
2024-12-13,0.01660056677221902,-0.00019859350278339516
2024-12-16,0.03118783062337447,0.004270044418101415
2024-12-17,0.019706841466071313,-0.004120063778329963
2024-12-18,-0.04919888334634233,-0.029803507576069865
2024-12-19,-0.0009577126784594326,-0.00030722001920469033
2024-12-20,-0.006527412378459973,0.012011163114825862
2024-12-23,0.009670425896445511,0.005988309811411963
2024-12-24,0.03589467005624933,0.011115009681411214
2024-12-26,-0.006337042499168067,6.665056372612277e-05
2024-12-27,-0.028548916852878702,-0.010526698446631899
2024-12-30,-0.02115813022343194,-0.011411664292804158
2024-12-31,-0.017394809113965248,-0.0036380108833782288
